type,subpopulation,indicator,statistic,n_resp,estimate,lcb95pct,ucb95pct
National,All_Sites,CHL,5Pct,57,1.078806535,0.707645804,1.702528579
National,All_Sites,CHL,25Pct,338,4.608102084,3.592531115,6.518527428
National,All_Sites,CHL,50Pct,608,15.105762,12.17345984,18.54373853
National,All_Sites,CHL,75Pct,762,28.08081195,24.30261847,40.73629703
National,All_Sites,CHL,95Pct,962,119.3600371,86.98250042,206.4306688
Regional,Region_1,CHL,5Pct,10,1.701126798,0.326045625,2.116515175
Regional,Region_1,CHL,25Pct,24,2.831346202,2.240275996,3.646161364
Regional,Region_1,CHL,50Pct,39,4.490499208,2.838891376,15.90873526
Regional,Region_1,CHL,75Pct,68,23.60971541,3.881290941,115.2
Regional,Region_1,CHL,95Pct,69,26.15943421,6.43498724,115.2
Regional,Region_2,CHL,5Pct,1,0.704027165,0.303507415,0.709043961
Regional,Region_2,CHL,25Pct,6,2.674570001,0.70078231,3.646962567
Regional,Region_2,CHL,50Pct,10,3.647961465,1.13675172,24.38114426
Regional,Region_2,CHL,75Pct,17,24.34686295,2.670933253,110
Regional,Region_2,CHL,95Pct,17,24.39787973,3.026496904,110
Regional,Region_3,CHL,5Pct,12,4.236203608,1.90184947,4.83295873
Regional,Region_3,CHL,25Pct,28,17.68807821,4.455400784,18.01517546
Regional,Region_3,CHL,50Pct,31,18.02868641,11.67278627,26.3997643
Regional,Region_3,CHL,75Pct,39,25.92579949,18.04060868,53.92491107
Regional,Region_3,CHL,95Pct,56,86.93796655,34.36874503,105.55
Regional,Region_4,CHL,5Pct,0,0.974157492,0.972663256,0.975651728
Regional,Region_4,CHL,25Pct,17,4.487821772,0.976243744,12.94543663
Regional,Region_4,CHL,50Pct,35,12.98839785,8.868836848,24.80069891
Regional,Region_4,CHL,75Pct,64,37.41217918,15.11702147,85.85824212
Regional,Region_4,CHL,95Pct,85,86.35469344,45.42883307,119.6
Regional,Region_5,CHL,5Pct,10,1.633961461,0.1,2.429568141
Regional,Region_5,CHL,25Pct,65,4.229035448,3.16428058,7.281323589
Regional,Region_5,CHL,50Pct,132,12.3074263,6.368607979,18.54124396
Regional,Region_5,CHL,75Pct,152,18.8526266,18.5298251,34.84326435
Regional,Region_5,CHL,95Pct,215,89.81146632,51.12085491,256.1005942
Regional,Region_6,CHL,5Pct,8,2.817802392,2.814191072,3.762977828
Regional,Region_6,CHL,25Pct,34,10.49044535,5.558322888,18.08079624
Regional,Region_6,CHL,50Pct,60,24.24297043,13.15907213,47.57040074
Regional,Region_6,CHL,75Pct,94,69.20976425,28.574981,92.68002108
Regional,Region_6,CHL,95Pct,100,92.7447286,81.62090976,155.6
Regional,Region_7,CHL,5Pct,16,11.70810508,5.402121858,11.73132831
Regional,Region_7,CHL,25Pct,22,19.46811228,13.08430441,22.2484951
Regional,Region_7,CHL,50Pct,30,23.99143682,21.6947735,50.04917117
Regional,Region_7,CHL,75Pct,53,63.48981664,25.78441952,224.0169821
Regional,Region_7,CHL,95Pct,74,224.641014,176.6285886,230.8
Regional,Region_8,CHL,5Pct,18,1.438545862,0.914773654,1.591768121
Regional,Region_8,CHL,25Pct,52,2.770708212,1.832063818,5.073614342
Regional,Region_8,CHL,50Pct,108,10.52232847,6.438726548,14.81817363
Regional,Region_8,CHL,75Pct,149,38.4863373,20.3604969,71.97203259
Regional,Region_8,CHL,95Pct,186,177.6242207,141.6743513,369.6611754
Regional,Region_9,CHL,5Pct,10,1.302607976,0.761998438,2.32810079
Regional,Region_9,CHL,25Pct,26,4.603658949,1.303348781,4.609702213
Regional,Region_9,CHL,50Pct,27,4.693330479,3.280955306,1454.748653
Regional,Region_9,CHL,75Pct,32,7.326434781,4.694787812,3008.485378
Regional,Region_9,CHL,95Pct,51,2526.708216,6.108547437,3299.18
Regional,Region_10,CHL,5Pct,11,0.342445572,0.276716,0.349845322
Regional,Region_10,CHL,25Pct,33,1.508871675,0.829671827,1.75699247
Regional,Region_10,CHL,50Pct,51,2.646331163,1.762136647,4.789547275
Regional,Region_10,CHL,75Pct,74,7.966562773,4.789644233,9.229606733
Regional,Region_10,CHL,95Pct,93,21.5521476,13.87476956,31.29983558
State,AL,CHL,5Pct,2,12.98034935,0.1,12.98348145
State,AL,CHL,25Pct,2,12.9874239,0.1,12.99975805
State,AL,CHL,50Pct,2,12.99626709,0.1,47.28
State,AL,CHL,75Pct,2,13.00511028,0.1,47.28
State,AL,CHL,95Pct,6,32.15658319,13.00716082,47.28
State,AR,CHL,5Pct,1,9.877532919,0.1,9.888188013
State,AR,CHL,25Pct,2,15.88210833,0.1,15.89141864
State,AR,CHL,50Pct,2,15.88959372,0.1,96.4
State,AR,CHL,75Pct,2,15.89707911,0.1,96.4
State,AR,CHL,95Pct,4,26.39592781,23.85204945,96.4
State,AZ,CHL,5Pct,1,1.286278397,0.1,3.717777952
State,AZ,CHL,25Pct,5,4.762637527,1.28430501,4.77376429
State,AZ,CHL,50Pct,5,4.776344627,3.786771324,24.71894586
State,AZ,CHL,75Pct,9,10.52209293,4.775402466,145.07
State,AZ,CHL,95Pct,12,144.7745932,24.69432171,145.07
State,CA,CHL,5Pct,4,1.304322167,0.763221008,3.174952934
State,CA,CHL,25Pct,9,4.60417569,1.302163878,4.690076856
State,CA,CHL,50Pct,10,4.693009967,2.040107565,2151.226683
State,CA,CHL,75Pct,12,7.308612828,4.692683861,3299.18
State,CA,CHL,95Pct,23,2591.616999,4.708319338,3299.18
State,CO,CHL,5Pct,1,1.43400902,0.1,1.44162314
State,CO,CHL,25Pct,3,1.619727864,0.1,1.827824879
State,CO,CHL,50Pct,6,1.827596963,1.440851646,5.241706414
State,CO,CHL,75Pct,6,1.839070716,1.612249369,181.2
State,CO,CHL,95Pct,18,10.45734949,5.223960532,181.2
State,CT,CHL,5Pct,0,1.599465472,1.595613026,1.990185785
State,CT,CHL,25Pct,3,2.08074363,0.1,2.835294924
State,CT,CHL,50Pct,5,2.83351785,1.995579472,15.5566033
State,CT,CHL,75Pct,6,3.735890651,2.831830876,115.2
State,CT,CHL,95Pct,9,114.9052009,3.736480827,115.2
State,DE,CHL,5Pct,0,1.149701623,1.142543539,18.69157489
State,DE,CHL,25Pct,1,18.74497757,1.144451244,18.81931796
State,DE,CHL,50Pct,1,18.82682888,18.69486892,90.30255185
State,DE,CHL,75Pct,5,90.1193594,18.75165403,96.8
State,DE,CHL,95Pct,5,90.35875187,18.80267222,96.8
State,FL,CHL,5Pct,3,4.480295391,0.1,4.482057105
State,FL,CHL,25Pct,3,4.487068781,4.481137434,12.94896616
State,FL,CHL,50Pct,5,12.95708008,4.483138921,44.94855533
State,FL,CHL,75Pct,7,22.92900607,12.95337623,69.87
State,FL,CHL,95Pct,11,45.49304682,22.91515242,69.87
State,GA,CHL,5Pct,0,0.971391413,0.970334852,0.972447974
State,GA,CHL,25Pct,0,0.976957066,0.97167426,8.874587045
State,GA,CHL,50Pct,2,8.893003902,0.971404016,86.17991633
State,GA,CHL,75Pct,6,24.85281542,8.858586298,86.4
State,GA,CHL,95Pct,10,86.18189193,8.936685341,86.4
State,IA,CHL,5Pct,1,13.03244139,10.83729777,13.06945694
State,IA,CHL,25Pct,2,22.25568057,13.01520866,43.73742546
State,IA,CHL,50Pct,7,44.87930322,22.25097485,137.2489376
State,IA,CHL,75Pct,11,76.25616079,44.93660131,177.0134349
State,IA,CHL,95Pct,13,170.1921646,65.44192859,177.12
State,ID,CHL,5Pct,2,0.741762375,0.1,0.956731816
State,ID,CHL,25Pct,5,1.202540364,0.953239379,1.209531356
State,ID,CHL,50Pct,10,2.45600281,1.202690045,7.954150833
State,ID,CHL,75Pct,18,7.955593389,3.574687068,29.37101993
State,ID,CHL,95Pct,24,29.39360969,21.91945599,32.8
State,IL,CHL,5Pct,2,3.379687182,0.1,18.50285446
State,IL,CHL,25Pct,6,18.51192485,0.1,18.53795922
State,IL,CHL,50Pct,6,18.52969653,0.1,92.16
State,IL,CHL,75Pct,6,18.54746821,0.1,92.16
State,IL,CHL,95Pct,9,25.72864765,18.55296112,92.16
State,IN,CHL,5Pct,5,3.225432948,1.450469495,3.391711572
State,IN,CHL,25Pct,6,3.398000585,3.393246957,6.37688791
State,IN,CHL,50Pct,20,10.07838279,3.398222777,34.22294854
State,IN,CHL,75Pct,35,34.22804651,18.85239702,145.1547418
State,IN,CHL,95Pct,47,145.3072598,66.9818788,284.4
State,KS,CHL,5Pct,4,8.445465926,0.1,18.64992516
State,KS,CHL,25Pct,7,18.92083237,8.416375491,21.27566805
State,KS,CHL,50Pct,10,21.68055273,18.90040193,222.6902053
State,KS,CHL,75Pct,11,26.27298032,19.70464633,230.8
State,KS,CHL,95Pct,14,228.4425454,21.71101064,230.8
State,KY,CHL,5Pct,3,4.184747554,0.1,15.10122129
State,KY,CHL,25Pct,4,15.10452804,0.1,15.11305078
State,KY,CHL,50Pct,4,15.11100059,0.1,61.12
State,KY,CHL,75Pct,4,15.11747313,0.1,61.12
State,KY,CHL,95Pct,8,60.9708282,15.11857366,61.12
State,LA,CHL,5Pct,1,15.30667478,10.18430603,19.3648762
State,LA,CHL,25Pct,3,19.39410718,15.30518331,19.43276582
State,LA,CHL,50Pct,5,25.36320209,19.36482552,83.95356016
State,LA,CHL,75Pct,12,81.53672383,19.43001217,84.8
State,LA,CHL,95Pct,13,84.36438882,81.62743298,84.8
State,MA,CHL,5Pct,0,2.344321448,2.340482437,2.348160459
State,MA,CHL,25Pct,5,6.280182425,0.1,26.10813109
State,MA,CHL,50Pct,9,26.10078829,2.341066169,26.16829244
State,MA,CHL,75Pct,9,26.13539414,2.344678689,26.17
State,MA,CHL,95Pct,9,26.16307883,2.347138748,26.17
State,MD,CHL,5Pct,2,5.453163609,0.1,5.503696311
State,MD,CHL,25Pct,5,43.9296658,0.1,54.0445801
State,MD,CHL,50Pct,6,54.04250926,5.511046769,105.4465036
State,MD,CHL,75Pct,7,105.348795,43.782674,105.55
State,MD,CHL,95Pct,7,105.509759,43.99207348,105.55
State,ME,CHL,5Pct,3,1.261303035,0.1,2.114640827
State,ME,CHL,25Pct,8,2.565802988,1.448063027,3.640955004
State,ME,CHL,50Pct,13,3.642779364,2.560341877,5.054747239
State,ME,CHL,75Pct,14,4.032335236,3.643971607,23.394148
State,ME,CHL,95Pct,22,10.7980172,6.550532407,23.73
State,MI,CHL,5Pct,3,1.632245231,0.1,1.646198264
State,MI,CHL,25Pct,12,2.72489883,1.63787502,6.708768038
State,MI,CHL,50Pct,36,9.138166228,2.543369812,12.29574707
State,MI,CHL,75Pct,42,12.28581169,4.930350494,192.8
State,MI,CHL,95Pct,48,48.52521574,32.72639069,192.8
State,MN,CHL,5Pct,2,2.107306761,2.101635307,2.921198471
State,MN,CHL,25Pct,16,5.093450354,3.160721744,7.145373221
State,MN,CHL,50Pct,23,8.175929608,6.358339548,20.91006052
State,MN,CHL,75Pct,37,29.48387122,12.08657566,51.17250752
State,MN,CHL,95Pct,45,88.33727382,67.05146019,164.6661489
State,MO,CHL,5Pct,3,11.70896938,5.134289219,11.71911182
State,MO,CHL,25Pct,8,23.90796977,11.71252796,23.98158485
State,MO,CHL,50Pct,11,34.91688599,11.73164458,206.4355867
State,MO,CHL,75Pct,14,63.51792921,23.96040698,207.12
State,MO,CHL,95Pct,16,206.8733006,35.15642333,207.12
State,MS,CHL,5Pct,4,12.16248015,0.1,12.17410831
State,MS,CHL,25Pct,5,16.19074133,0.1,38.03927147
State,MS,CHL,50Pct,10,38.03112317,12.16134793,47.51266669
State,MS,CHL,75Pct,10,38.07305301,12.17166337,61.78
State,MS,CHL,95Pct,11,47.50281382,38.06321752,61.78
State,MT,CHL,5Pct,2,0.609932398,0.1,1.341493126
State,MT,CHL,25Pct,15,2.907515183,0.914085301,4.30783729
State,MT,CHL,50Pct,21,6.437890825,2.897356734,136.2135946
State,MT,CHL,75Pct,26,46.94824932,6.445098097,345.121308
State,MT,CHL,95Pct,30,349.2032508,136.7147881,367.2
State,NC,CHL,5Pct,5,14.95808625,0.1,14.99318628
State,NC,CHL,25Pct,5,15.09312665,14.94488732,22.82004815
State,NC,CHL,50Pct,8,22.82800428,14.96540821,119.4459423
State,NC,CHL,75Pct,10,74.78451365,22.79512219,119.6
State,NC,CHL,95Pct,12,119.4733996,22.84671362,119.6
State,ND,CHL,5Pct,1,1.599417536,1.593476862,1.771732467
State,ND,CHL,25Pct,11,9.334951606,2.64612312,13.36458322
State,ND,CHL,50Pct,19,13.79124125,10.54713845,41.65207957
State,ND,CHL,75Pct,39,60.83077527,39.44516631,115.3496305
State,ND,CHL,95Pct,51,143.5221378,86.44175452,371.2
State,NE,CHL,5Pct,3,8.934688972,0.1,22.17443684
State,NE,CHL,25Pct,8,25.76626366,22.05239453,25.8021909
State,NE,CHL,50Pct,9,25.840167,25.76453659,33.7503819
State,NE,CHL,75Pct,15,30.5649455,25.86348485,176.0340044
State,NE,CHL,95Pct,24,176.19362,77.62186541,220
State,NH,CHL,5Pct,1,2.223567226,0.1,3.510169763
State,NH,CHL,25Pct,3,3.514435275,2.2120502,9.031399296
State,NH,CHL,50Pct,5,9.039072111,3.511887174,14.06015704
State,NH,CHL,75Pct,8,14.02193553,3.51700744,36.8
State,NH,CHL,95Pct,9,15.46969287,14.04742819,36.8
State,NJ,CHL,5Pct,0,1.598878114,1.594386992,2.670810172
State,NJ,CHL,25Pct,1,2.678269615,2.671361338,11.7588867
State,NJ,CHL,50Pct,6,15.31918784,2.673749963,106.0421953
State,NJ,CHL,75Pct,9,105.8152193,3.894223506,110
State,NJ,CHL,95Pct,10,109.5300226,105.8645633,110
State,NM,CHL,5Pct,1,1.350914701,0.337163927,1.351927092
State,NM,CHL,25Pct,1,1.35595131,1.351808028,1.843130893
State,NM,CHL,50Pct,4,2.373637079,1.350249997,8.703462739
State,NM,CHL,75Pct,5,2.591955049,2.376423884,6.469591179
State,NM,CHL,95Pct,9,5.369605926,3.441403621,51.09
State,NV,CHL,5Pct,1,0.700222175,0.1,0.97197441
State,NV,CHL,25Pct,7,2.320115318,0.700984032,3.270702606
State,NV,CHL,50Pct,10,3.279142898,2.106137963,5.188386316
State,NV,CHL,75Pct,12,5.181066538,3.275728129,12.16
State,NV,CHL,95Pct,14,12.14508706,3.297907423,12.16
State,NY,CHL,5Pct,1,0.703547023,0.305260899,0.707816403
State,NY,CHL,25Pct,4,2.652510008,0.1,3.647774285
State,NY,CHL,50Pct,7,3.647175116,0.709216195,24.37532417
State,NY,CHL,75Pct,9,24.34174458,2.759331475,24.4
State,NY,CHL,95Pct,9,24.38834892,3.641827641,24.4
State,OH,CHL,5Pct,4,18.98084293,2.61094039,25.71440692
State,OH,CHL,25Pct,5,25.74792997,25.71000215,48.94312663
State,OH,CHL,50Pct,9,49.66812766,25.72234947,298.4135147
State,OH,CHL,75Pct,15,292.2446634,29.32502937,305.28
State,OH,CHL,95Pct,15,302.6729327,49.04900337,305.28
State,OK,CHL,5Pct,2,6.519617194,1.603185031,6.80981663
State,OK,CHL,25Pct,6,10.93519651,6.794177393,24.29503795
State,OK,CHL,50Pct,16,25.06940073,10.93738017,64.17850977
State,OK,CHL,75Pct,24,64.77693953,25.0947503,92.1836183
State,OK,CHL,95Pct,27,92.17881231,82.60164743,117.6
State,OR,CHL,5Pct,9,0.340827181,0.163153652,0.344821327
State,OR,CHL,25Pct,17,0.997123861,0.347610215,1.757141801
State,OR,CHL,50Pct,25,1.88689409,1.501674532,4.093005579
State,OR,CHL,75Pct,36,8.49144788,2.53531422,13.86437121
State,OR,CHL,95Pct,42,13.89293085,9.217203414,106.59
State,PA,CHL,5Pct,1,1.923070856,1.911928508,1.942019266
State,PA,CHL,25Pct,5,4.456833956,1.920610385,17.77077441
State,PA,CHL,50Pct,10,17.78497547,4.443168187,25.92402579
State,PA,CHL,75Pct,11,19.19186512,17.78559067,30.68104878
State,PA,CHL,95Pct,14,26.38642387,19.18887833,30.72
State,RI,CHL,5Pct,1,3.250300639,0.1,3.255808481
State,RI,CHL,25Pct,2,7.499419073,0.1,11.20262169
State,RI,CHL,50Pct,4,10.57881448,3.255753948,35.35666665
State,RI,CHL,75Pct,6,15.95192518,9.038429562,35.64
State,RI,CHL,95Pct,7,35.5367459,11.21017845,35.64
State,SC,CHL,5Pct,3,8.790698125,0.1,8.822271348
State,SC,CHL,25Pct,6,21.0916165,8.083643165,26.08288973
State,SC,CHL,50Pct,7,26.08355151,8.809968454,37.46540199
State,SC,CHL,75Pct,8,36.88901358,21.11996143,37.76
State,SC,CHL,95Pct,8,37.58580272,26.08416856,37.76
State,SD,CHL,5Pct,3,2.280883469,0.1,3.752299911
State,SD,CHL,25Pct,21,14.11044108,2.98250858,20.36330982
State,SD,CHL,50Pct,27,20.41004535,7.961278786,58.79720669
State,SD,CHL,75Pct,30,25.63588213,20.4276839,178.5428888
State,SD,CHL,95Pct,42,305.6980426,177.1582995,316.8
State,TN,CHL,5Pct,0,1.062200982,1.060185208,1.064216755
State,TN,CHL,25Pct,0,1.071004908,1.06092604,1.300541887
State,TN,CHL,50Pct,1,1.301004908,0.1,114.05
State,TN,CHL,75Pct,1,1.306507361,1.06571678,114.05
State,TN,CHL,95Pct,6,60.05868997,1.30936926,114.05
State,TX,CHL,5Pct,1,2.816556851,2.813710201,2.819403501
State,TX,CHL,25Pct,12,8.488876518,3.762618575,18.18569115
State,TX,CHL,50Pct,23,22.86413291,8.496276131,69.14375143
State,TX,CHL,75Pct,37,69.20739575,22.79820501,155.6
State,TX,CHL,95Pct,38,93.30145364,69.40736716,155.6
State,UT,CHL,5Pct,2,1.497933278,0.968896423,1.585927452
State,UT,CHL,25Pct,8,2.586795647,1.861493868,2.68338204
State,UT,CHL,50Pct,11,3.872716004,2.588781323,12.7621765
State,UT,CHL,75Pct,16,12.77013427,3.87649977,107.8631585
State,UT,CHL,95Pct,21,108.0900914,13.22627035,109.03
State,VA,CHL,5Pct,2,5.258215493,0.1,17.61414646
State,VA,CHL,25Pct,8,18.00867956,0.1,18.03525514
State,VA,CHL,50Pct,8,18.03495961,5.252788196,87.03987227
State,VA,CHL,75Pct,10,22.22677254,18.03154792,87.13
State,VA,CHL,95Pct,20,86.94708921,34.31125527,87.13
State,VT,CHL,5Pct,0,0.322060583,0.320911023,0.323210142
State,VT,CHL,25Pct,1,1.154741104,0.1,4.909846499
State,VT,CHL,50Pct,7,4.891035973,0.324196257,7.641784421
State,VT,CHL,75Pct,8,6.440488985,4.166688038,7.66
State,VT,CHL,95Pct,9,7.651055193,6.443965995,7.66
State,WA,CHL,5Pct,3,1.35581287,0.1,1.625413042
State,WA,CHL,25Pct,6,1.675408292,1.589011655,2.655172954
State,WA,CHL,50Pct,14,4.783443065,1.676024376,5.883756966
State,WA,CHL,75Pct,18,5.903505983,4.789785185,9.892002001
State,WA,CHL,95Pct,28,26.64806187,8.772988844,135.5
State,WI,CHL,5Pct,1,1.453018814,1.451948524,1.454089104
State,WI,CHL,25Pct,12,3.95020261,1.45198679,6.314070396
State,WI,CHL,50Pct,24,7.271100003,3.956798687,12.85646879
State,WI,CHL,75Pct,39,18.88178006,11.56817664,34.13827729
State,WI,CHL,95Pct,50,157.5682329,29.89827462,1250
State,WV,CHL,5Pct,3,5.100724898,2.491810056,5.101847098
State,WV,CHL,25Pct,3,5.105295085,5.100778096,5.109812073
State,WV,CHL,50Pct,4,8.703581217,5.100810864,47.15198013
State,WV,CHL,75Pct,6,18.87469632,5.108455919,47.2
State,WV,CHL,95Pct,7,47.15534034,8.710066928,47.2
State,WY,CHL,5Pct,2,0.758825522,0.265951709,1.950336963
State,WY,CHL,25Pct,5,1.957536067,1.950387847,2.067887916
State,WY,CHL,50Pct,12,5.677416052,1.95394554,19.29180939
State,WY,CHL,75Pct,16,19.25500012,2.066869803,27.68
State,WY,CHL,95Pct,17,20.23166857,19.25538222,27.68
National,All_Sites,SECCHI,5Pct,37,0.188978581,0.147884792,0.270328824
National,All_Sites,SECCHI,25Pct,236,0.699027305,0.605270912,0.851309859
National,All_Sites,SECCHI,50Pct,433,1.242867659,1.147472311,1.360232047
National,All_Sites,SECCHI,75Pct,628,1.955392646,1.689724941,2.467375813
National,All_Sites,SECCHI,95Pct,902,4.583375094,3.90460801,7.844227966
Regional,Region_1,SECCHI,5Pct,2,0.94569726,0.945047904,0.946346617
Regional,Region_1,SECCHI,25Pct,4,1.080887768,0,2.084014094
Regional,Region_1,SECCHI,50Pct,28,1.882736594,1.085708841,3.461939532
Regional,Region_1,SECCHI,75Pct,55,3.563662384,2.088959079,4.434207059
Regional,Region_1,SECCHI,95Pct,63,4.421103133,3.904263063,7.4
Regional,Region_2,SECCHI,5Pct,4,0.749503901,0.322589078,1.327532446
Regional,Region_2,SECCHI,25Pct,5,1.33756893,1.325681948,1.349455911
Regional,Region_2,SECCHI,50Pct,10,2.147652773,1.329094554,5.017710606
Regional,Region_2,SECCHI,75Pct,13,2.841803356,2.201809146,5.939983797
Regional,Region_2,SECCHI,95Pct,19,5.929864177,4.167234247,7.25
Regional,Region_3,SECCHI,5Pct,13,0.682040747,0.223237059,0.705622495
Regional,Region_3,SECCHI,25Pct,22,0.85093709,0.691018413,0.864404574
Regional,Region_3,SECCHI,50Pct,22,0.868818692,0.748115272,1.489654648
Regional,Region_3,SECCHI,75Pct,34,1.205363423,0.874501558,2.049340664
Regional,Region_3,SECCHI,95Pct,48,2.357615607,2.015740509,7.541991267
Regional,Region_4,SECCHI,5Pct,6,0.395625906,0.185030016,0.401857206
Regional,Region_4,SECCHI,25Pct,33,0.846110224,0.401476267,1.149030326
Regional,Region_4,SECCHI,50Pct,53,1.355720515,1.035807471,1.629901512
Regional,Region_4,SECCHI,75Pct,63,1.678611345,1.362776837,4.576970561
Regional,Region_4,SECCHI,95Pct,85,4.579704173,1.684550534,6.4
Regional,Region_5,SECCHI,5Pct,20,0.463366252,0.337633311,0.545029269
Regional,Region_5,SECCHI,25Pct,86,1.230826014,0.848974297,1.240418719
Regional,Region_5,SECCHI,50Pct,103,1.547157219,1.236973969,1.871784649
Regional,Region_5,SECCHI,75Pct,164,2.615236991,1.744358989,3.775367269
Regional,Region_5,SECCHI,95Pct,211,4.124249941,3.797823917,12.1
Regional,Region_6,SECCHI,5Pct,7,0.170832473,0.147140842,0.191149764
Regional,Region_6,SECCHI,25Pct,26,0.346735034,0.199244098,0.684898077
Regional,Region_6,SECCHI,50Pct,46,0.699256642,0.680812457,1.236949278
Regional,Region_6,SECCHI,75Pct,77,1.396105608,1.199518568,1.787429473
Regional,Region_6,SECCHI,95Pct,97,2.760678324,1.788593328,4.6
Regional,Region_7,SECCHI,5Pct,1,0.059716558,0.056093183,0.063339933
Regional,Region_7,SECCHI,25Pct,12,0.191669788,0.064962948,0.428722853
Regional,Region_7,SECCHI,50Pct,36,0.545305415,0.273929981,0.609998013
Regional,Region_7,SECCHI,75Pct,49,0.848685134,0.549266065,1.197876549
Regional,Region_7,SECCHI,95Pct,61,1.245593624,1.047170925,7.8
Regional,Region_8,SECCHI,5Pct,5,0.12476591,0.042436035,0.215589573
Regional,Region_8,SECCHI,25Pct,48,0.641898536,0.372213892,0.849602987
Regional,Region_8,SECCHI,50Pct,77,1.097407665,1.035055433,1.592088655
Regional,Region_8,SECCHI,75Pct,138,2.551176026,1.762441683,3.484817536
Regional,Region_8,SECCHI,95Pct,174,5.429168817,5.190483545,9.400659604
Regional,Region_9,SECCHI,5Pct,0,0.093769663,0.091277121,0.096262205
Regional,Region_9,SECCHI,25Pct,22,1.847061225,0.091293974,2.333590756
Regional,Region_9,SECCHI,50Pct,25,2.336219539,0.397768574,3.192585217
Regional,Region_9,SECCHI,75Pct,38,3.183898497,2.316248661,9.6
Regional,Region_9,SECCHI,95Pct,46,5.885334163,3.195516059,9.6
Regional,Region_10,SECCHI,5Pct,9,0.847120618,0.48701879,0.993474016
Regional,Region_10,SECCHI,25Pct,29,1.848067897,0.997653817,2.461424086
Regional,Region_10,SECCHI,50Pct,55,3.071344704,2.399734667,3.532807813
Regional,Region_10,SECCHI,75Pct,74,4.679632875,3.28665033,6.627748962
Regional,Region_10,SECCHI,95Pct,99,12.41026536,6.627687038,23.6
State,AL,SECCHI,5Pct,3,1.146321658,0,2.091067247
State,AL,SECCHI,25Pct,7,2.205784051,0,2.227286688
State,AL,SECCHI,50Pct,7,2.220522701,0,2.25
State,AL,SECCHI,75Pct,7,2.23526135,0,2.25
State,AL,SECCHI,95Pct,7,2.24705227,0,2.25
State,AR,SECCHI,5Pct,3,0.750808779,0,0.821769496
State,AR,SECCHI,25Pct,5,1.232920893,0,1.24339095
State,AR,SECCHI,50Pct,5,1.240406281,0,1.825
State,AR,SECCHI,75Pct,5,1.24789167,0,1.825
State,AR,SECCHI,95Pct,6,1.443722568,1.247690772,1.825
State,AZ,SECCHI,5Pct,0,0.272591288,0.271182529,0.274000046
State,AZ,SECCHI,25Pct,4,1.206080936,0.270061894,3.026439561
State,AZ,SECCHI,50Pct,8,3.026509307,0.339050567,3.048885059
State,AZ,SECCHI,75Pct,8,3.041109404,1.205235702,5.05
State,AZ,SECCHI,95Pct,11,4.281504192,3.048413136,5.05
State,CA,SECCHI,5Pct,0,0.093452908,0.090931632,0.095974184
State,CA,SECCHI,25Pct,11,2.301746307,0,2.338346876
State,CA,SECCHI,50Pct,11,2.336820215,0.098503261,3.195908304
State,CA,SECCHI,75Pct,17,3.184657606,2.31374579,9.3
State,CA,SECCHI,95Pct,19,5.886733491,3.19483314,9.3
State,CO,SECCHI,5Pct,5,1.728023335,0,2.025670879
State,CO,SECCHI,25Pct,14,3.47889448,0.777553147,5.18329055
State,CO,SECCHI,50Pct,19,5.183885399,1.988754653,9.323797173
State,CO,SECCHI,75Pct,19,5.195359152,2.753149279,9.5
State,CO,SECCHI,95Pct,22,9.392303997,5.197642124,9.5
State,CT,SECCHI,5Pct,0,0.846619775,0.845960527,0.847279024
State,CT,SECCHI,25Pct,1,2.080668136,0.84756349,2.367471935
State,CT,SECCHI,50Pct,3,2.712180481,2.075083875,4.204393797
State,CT,SECCHI,75Pct,4,3.599993767,2.372624312,5.8
State,CT,SECCHI,95Pct,7,4.2215242,3.598523947,5.8
State,DE,SECCHI,5Pct,1,0.531546805,0,0.534122297
State,DE,SECCHI,25Pct,1,0.540524023,0.531445269,0.997562514
State,DE,SECCHI,50Pct,5,1.145411598,0.53028954,1.291466503
State,DE,SECCHI,75Pct,5,1.147969451,0.538101212,1.3
State,DE,SECCHI,95Pct,6,1.280596754,1.148902571,1.3
State,FL,SECCHI,5Pct,0,0.18601328,0.185315672,0.186710888
State,FL,SECCHI,25Pct,8,0.847998148,0,1.494420833
State,FL,SECCHI,50Pct,10,1.492904709,0.186984172,1.69656078
State,FL,SECCHI,75Pct,11,1.686258172,0.849797429,3.875
State,FL,SECCHI,95Pct,11,1.699806071,1.483844018,3.875
State,GA,SECCHI,5Pct,1,0.400596975,0,0.405330621
State,GA,SECCHI,25Pct,4,1.040097108,0,1.363530326
State,GA,SECCHI,50Pct,6,1.359311125,0.361951531,4.599293063
State,GA,SECCHI,75Pct,10,4.565214671,1.040106524,4.6
State,GA,SECCHI,95Pct,10,4.593042934,1.353749078,4.6
State,IA,SECCHI,5Pct,0,0.191007736,0.189543815,0.192471657
State,IA,SECCHI,25Pct,3,0.444129623,0.187956044,0.795855051
State,IA,SECCHI,50Pct,7,0.797168845,0.434997382,1.195254803
State,IA,SECCHI,75Pct,9,1.049030156,0.788904378,1.55
State,IA,SECCHI,95Pct,14,1.542358651,1.04656005,1.55
State,ID,SECCHI,5Pct,0,0.849397273,0.847755906,1.145715185
State,ID,SECCHI,25Pct,6,1.750721663,1.147019015,2.463871528
State,ID,SECCHI,50Pct,14,2.969976055,1.787490979,3.581001496
State,ID,SECCHI,75Pct,17,3.582984627,2.482568794,8.45
State,ID,SECCHI,95Pct,23,6.292950501,5.696566863,8.45
State,IL,SECCHI,5Pct,3,1.230700938,0,1.232598187
State,IL,SECCHI,25Pct,3,1.235440053,0,1.244128465
State,IL,SECCHI,50Pct,3,1.241363947,0,4.7
State,IL,SECCHI,75Pct,3,1.247287841,0,4.7
State,IL,SECCHI,95Pct,7,1.641750023,1.249551679,4.7
State,IN,SECCHI,5Pct,1,0.2436926,0.220164799,0.545294527
State,IN,SECCHI,25Pct,8,0.648774932,0.545183751,1.146196658
State,IN,SECCHI,50Pct,21,1.149691892,0.649640154,3.776127327
State,IN,SECCHI,75Pct,47,3.777017267,1.146973835,4.3
State,IN,SECCHI,95Pct,47,3.797112094,1.476593219,4.3
State,KS,SECCHI,5Pct,0,0.055361225,0.052268611,0.05845384
State,KS,SECCHI,25Pct,3,0.14655264,0,0.27298101
State,KS,SECCHI,50Pct,5,0.173922087,0.065362532,0.549617814
State,KS,SECCHI,75Pct,9,0.547288178,0.167753447,3.3
State,KS,SECCHI,95Pct,10,0.849509317,0.548790244,3.3
State,KY,SECCHI,5Pct,1,0.575153097,0,1.525526648
State,KY,SECCHI,25Pct,4,1.528158581,0,1.540574068
State,KY,SECCHI,50Pct,4,1.536249263,0,5.95
State,KY,SECCHI,75Pct,4,1.544339945,0,5.95
State,KY,SECCHI,95Pct,5,1.74932696,1.547433968,5.95
State,LA,SECCHI,5Pct,2,0.272055998,0,0.367388604
State,LA,SECCHI,25Pct,6,0.565050517,0.166542164,1.083533756
State,LA,SECCHI,50Pct,9,1.090509569,0.366595511,1.248743953
State,LA,SECCHI,75Pct,10,1.241462797,0.471072239,2.05
State,LA,SECCHI,95Pct,12,1.439769127,1.246312607,2.05
State,MA,SECCHI,5Pct,0,0.945432573,0.945048292,0.945816855
State,MA,SECCHI,25Pct,0,0.947162866,0.945241458,0.949084274
State,MA,SECCHI,50Pct,0,0.949325732,0.945482915,4.425878149
State,MA,SECCHI,75Pct,3,1.444073523,0.948875686,4.45
State,MA,SECCHI,95Pct,9,4.42839276,1.445083137,4.45
State,MD,SECCHI,5Pct,0,0.216149743,0.215393838,0.216905648
State,MD,SECCHI,25Pct,0,0.220748714,0.21696919,0.224528239
State,MD,SECCHI,50Pct,1,0.230857927,0.215148306,4.047738814
State,MD,SECCHI,75Pct,2,0.435861183,0.231312662,5.101686039
State,MD,SECCHI,95Pct,5,1.690408475,0.845738444,5.125
State,ME,SECCHI,5Pct,0,1.09099759,1.084414684,1.097580496
State,ME,SECCHI,25Pct,8,2.482907848,1.088809979,3.453275432
State,ME,SECCHI,50Pct,17,3.456833086,1.258514264,3.903933352
State,ME,SECCHI,75Pct,18,3.902393088,2.894355441,7.4
State,ME,SECCHI,95Pct,19,4.192917109,3.904217336,7.4
State,MI,SECCHI,5Pct,1,0.54693119,0,0.945766112
State,MI,SECCHI,25Pct,15,1.577271545,0.746579154,1.590993487
State,MI,SECCHI,50Pct,15,1.598313856,1.575983749,3.678695631
State,MI,SECCHI,75Pct,38,3.658710181,2.090028421,5.07257118
State,MI,SECCHI,95Pct,44,5.095506182,4.351494643,12.1
State,MN,SECCHI,5Pct,4,0.371462344,0.339974165,0.460888088
State,MN,SECCHI,25Pct,12,1.098953068,0.464789235,1.491452482
State,MN,SECCHI,50Pct,25,1.733979408,1.326377878,1.794844441
State,MN,SECCHI,75Pct,34,2.763113525,1.767375341,3.446534056
State,MN,SECCHI,95Pct,44,3.802169979,3.486300716,6.920322203
State,MO,SECCHI,5Pct,2,0.352065129,0,0.358879362
State,MO,SECCHI,25Pct,4,0.428702105,0.35189554,0.606492676
State,MO,SECCHI,50Pct,7,0.60749041,0.426509981,0.916691195
State,MO,SECCHI,75Pct,11,0.914223586,0.499011753,3.8
State,MO,SECCHI,95Pct,12,1.089912098,0.916875055,3.8
State,MS,SECCHI,5Pct,3,0.842422485,0,0.925139886
State,MS,SECCHI,25Pct,5,0.942990929,0.84004415,1.304362293
State,MS,SECCHI,50Pct,10,1.500339514,0.92273083,1.513280026
State,MS,SECCHI,75Pct,10,1.50820136,0.934872008,2.875
State,MS,SECCHI,95Pct,10,1.514490837,0.941994728,2.875
State,MT,SECCHI,5Pct,0,0.139786369,0.137481618,0.142091121
State,MT,SECCHI,25Pct,4,0.485902446,0.141030407,1.59002699
State,MT,SECCHI,50Pct,12,1.977205994,0.373864235,3.348340816
State,MT,SECCHI,75Pct,16,3.348140519,1.591484393,16.65
State,MT,SECCHI,95Pct,28,9.837379915,5.145613361,16.65
State,NC,SECCHI,5Pct,1,0.395909426,0.234118291,0.396911333
State,NC,SECCHI,25Pct,2,0.58185151,0,1.147290011
State,NC,SECCHI,50Pct,5,1.146384938,0.395508683,1.149948774
State,NC,SECCHI,75Pct,5,1.148284668,0.397438336,5.4
State,NC,SECCHI,95Pct,5,1.149804452,0.398566524,5.4
State,ND,SECCHI,5Pct,2,0.110240475,0,0.223992548
State,ND,SECCHI,25Pct,18,0.547187873,0.337912131,0.747863235
State,ND,SECCHI,50Pct,29,0.946447333,0.746786451,1.048893718
State,ND,SECCHI,75Pct,37,1.149217895,1.044963872,1.774708695
State,ND,SECCHI,95Pct,50,2.198247883,1.753199952,4.5
State,NE,SECCHI,5Pct,1,0.053072144,0.003373913,0.057930348
State,NE,SECCHI,25Pct,1,0.074578231,0.059078192,0.234316786
State,NE,SECCHI,50Pct,16,0.514591081,0.070638253,1.234849005
State,NE,SECCHI,75Pct,23,1.231697023,0.410532745,7.8
State,NE,SECCHI,95Pct,23,1.248901892,0.566018087,7.8
State,NH,SECCHI,5Pct,1,1.281386362,0,1.284806587
State,NH,SECCHI,25Pct,1,1.292570131,1.282680899,1.452044284
State,NH,SECCHI,50Pct,5,1.570303691,1.287123413,2.149698616
State,NH,SECCHI,75Pct,6,2.148176323,1.2985041,6.625
State,NH,SECCHI,95Pct,10,6.602198601,2.149727438,6.625
State,NJ,SECCHI,5Pct,0,0.314690255,0.3097883,0.319592211
State,NJ,SECCHI,25Pct,2,0.570778011,0.30661653,0.747906025
State,NJ,SECCHI,50Pct,4,0.748060206,0.441627328,1.697999581
State,NJ,SECCHI,75Pct,6,1.68905063,0.746512552,3.8
State,NJ,SECCHI,95Pct,10,3.777804714,1.705438909,3.8
State,NM,SECCHI,5Pct,3,0.990798267,0,2.476613219
State,NM,SECCHI,25Pct,9,3.178699379,0.648355341,3.196421226
State,NM,SECCHI,50Pct,9,3.199351864,2.96904753,3.584658398
State,NM,SECCHI,75Pct,11,3.570243449,2.99722783,4.4
State,NM,SECCHI,95Pct,11,3.595426493,3.184147417,4.4
State,NV,SECCHI,5Pct,2,1.260446412,0,1.266897752
State,NV,SECCHI,25Pct,3,1.395449656,0,1.895919418
State,NV,SECCHI,50Pct,6,1.891486636,1.27671217,2.691494861
State,NV,SECCHI,75Pct,8,2.591397695,1.896315615,5.097447732
State,NV,SECCHI,95Pct,13,5.096297995,4.812993183,9.6
State,NY,SECCHI,5Pct,0,1.327912771,1.326105309,1.329720234
State,NY,SECCHI,25Pct,0,1.339563856,1.330526544,1.348601169
State,NY,SECCHI,50Pct,2,2.203144384,1.333001671,4.744085263
State,NY,SECCHI,75Pct,5,4.153825042,2.202331815,7.25
State,NY,SECCHI,95Pct,8,5.932264884,4.163284978,7.25
State,OH,SECCHI,5Pct,2,0.337125393,0,0.546117306
State,OH,SECCHI,25Pct,3,0.548613124,0.344945705,0.686941645
State,OH,SECCHI,50Pct,8,0.690651434,0.546079421,1.148155178
State,OH,SECCHI,75Pct,11,1.145792978,0.685559455,2.75
State,OH,SECCHI,95Pct,11,1.149573954,0.695688758,2.75
State,OK,SECCHI,5Pct,2,0.146119783,0,0.149265623
State,OK,SECCHI,25Pct,5,0.19149041,0.146796951,0.346563108
State,OK,SECCHI,50Pct,14,0.420375688,0.25690751,0.906968442
State,OK,SECCHI,75Pct,24,1.089275486,0.845048181,1.83681916
State,OK,SECCHI,95Pct,27,1.840593933,1.444312184,2.7
State,OR,SECCHI,5Pct,5,0.580516337,0.096883805,0.992742942
State,OR,SECCHI,25Pct,15,2.0622605,0.994153102,2.643870664
State,OR,SECCHI,50Pct,23,2.885057508,2.378606776,3.574749986
State,OR,SECCHI,75Pct,28,3.647992572,3.133570838,8.497234914
State,OR,SECCHI,95Pct,46,17.26490012,6.030994956,20.85
State,PA,SECCHI,5Pct,1,0.687251744,0.648269625,0.695096333
State,PA,SECCHI,25Pct,2,0.748157204,0.690825686,0.987345468
State,PA,SECCHI,50Pct,5,1.490460191,0.747836872,2.010536342
State,PA,SECCHI,75Pct,9,2.003404167,1.527767904,7.510247626
State,PA,SECCHI,95Pct,14,4.793118022,2.040609886,7.55
State,RI,SECCHI,5Pct,0,0.729693368,0.728066674,0.731320063
State,RI,SECCHI,25Pct,1,1.027309687,0,1.955115494
State,RI,SECCHI,50Pct,4,1.95164797,0.741787432,2.52746304
State,RI,SECCHI,75Pct,5,1.97073359,1.229741126,5.05
State,RI,SECCHI,95Pct,6,2.539549042,1.9634536,5.05
State,SC,SECCHI,5Pct,0,0.545907278,0.545283808,0.546530747
State,SC,SECCHI,25Pct,0,0.549536388,0.546419038,0.746973646
State,SC,SECCHI,50Pct,2,0.748097038,0.547339794,1.740941049
State,SC,SECCHI,75Pct,6,1.727347771,0.746719323,6.4
State,SC,SECCHI,95Pct,6,1.749805951,0.749561477,6.4
State,SD,SECCHI,5Pct,0,0.042799274,0.041367758,0.04423079
State,SD,SECCHI,25Pct,9,0.360538416,0.042983139,0.992537076
State,SD,SECCHI,50Pct,20,0.997628248,0.29962796,1.097355824
State,SD,SECCHI,75Pct,24,1.095710935,0.723127131,3.5
State,SD,SECCHI,95Pct,35,1.984545369,1.679948651,3.5
State,TN,SECCHI,5Pct,2,0.647482675,0,0.74536483
State,TN,SECCHI,25Pct,5,0.746927622,0.435720343,0.749630949
State,TN,SECCHI,50Pct,5,0.749678849,0.641402066,1.648652407
State,TN,SECCHI,75Pct,7,1.636368644,0.74551865,2.05
State,TN,SECCHI,95Pct,7,1.647373552,0.746650545,2.05
State,TX,SECCHI,5Pct,3,0.192267291,0.189158763,0.19537582
State,TX,SECCHI,25Pct,13,0.638119584,0.195805593,0.692601328
State,TX,SECCHI,50Pct,14,0.698486221,0.681441414,1.397374981
State,TX,SECCHI,75Pct,29,1.437189499,1.149582901,2.493394181
State,TX,SECCHI,95Pct,37,2.770176518,1.77289489,4.6
State,UT,SECCHI,5Pct,1,0.192072129,0,0.948096583
State,UT,SECCHI,25Pct,4,1.398980472,0.946861259,1.84859818
State,UT,SECCHI,50Pct,9,2.148817308,1.542916909,3.045929275
State,UT,SECCHI,75Pct,14,3.050483063,2.590168012,4.398825129
State,UT,SECCHI,95Pct,19,4.647412799,4.388761224,10.1
State,VA,SECCHI,5Pct,4,0.705859395,0,0.716430069
State,VA,SECCHI,25Pct,8,0.854268861,0,0.866034575
State,VA,SECCHI,50Pct,8,0.865218881,0.563714148,1.498400565
State,VA,SECCHI,75Pct,9,0.946952551,0.864327435,2.965
State,VA,SECCHI,95Pct,17,1.481356635,1.129287218,2.965
State,VT,SECCHI,5Pct,0,1.084121166,1.081822047,1.086420285
State,VT,SECCHI,25Pct,1,1.575757286,0,1.876200913
State,VT,SECCHI,50Pct,2,1.70762985,1.090715076,3.251060247
State,VT,SECCHI,75Pct,3,1.885793183,1.594245308,6.45
State,VT,SECCHI,95Pct,7,3.628237771,3.251232702,6.45
State,WA,SECCHI,5Pct,3,0.991587269,0.549857702,0.993190462
State,WA,SECCHI,25Pct,7,1.29278675,0.991943322,3.20036995
State,WA,SECCHI,50Pct,16,3.220384923,1.293129476,5.694935762
State,WA,SECCHI,75Pct,27,5.695270815,3.209720609,23.6
State,WA,SECCHI,95Pct,28,6.641785892,5.676335903,23.6
State,WI,SECCHI,5Pct,2,0.461558306,0,0.497412373
State,WI,SECCHI,25Pct,15,1.496733892,0.991562713,1.644586828
State,WI,SECCHI,50Pct,25,1.870333989,1.629313827,2.824830103
State,WI,SECCHI,75Pct,41,3.468746072,1.991038966,5.866477553
State,WI,SECCHI,95Pct,46,4.123442166,3.103621021,7.75
State,WV,SECCHI,5Pct,1,0.777248211,0,0.784679757
State,WV,SECCHI,25Pct,1,0.797548055,0.775653783,1.293634357
State,WV,SECCHI,50Pct,3,1.296418783,0.777506935,2.099216854
State,WV,SECCHI,75Pct,4,2.094704915,0.796750209,4.4
State,WV,SECCHI,95Pct,4,2.099275102,1.284479173,4.4
State,WY,SECCHI,5Pct,1,0.546205087,0.146987584,0.547780375
State,WY,SECCHI,25Pct,3,1.535308821,0.545150402,1.99526245
State,WY,SECCHI,50Pct,4,1.999862836,1.527720432,2.588723981
State,WY,SECCHI,75Pct,8,2.572439524,1.985916141,13.2
State,WY,SECCHI,95Pct,16,7.913049761,3.226210295,13.2
National,All_Sites,NTL,5Pct,47,164.468994,93.440561,234.385253
National,All_Sites,NTL,25Pct,339,498.266711,430.031563,543.324172
National,All_Sites,NTL,50Pct,522,726.052974,700.127024,837.472271
National,All_Sites,NTL,75Pct,755,1370.022839,1159.229486,1487.614293
National,All_Sites,NTL,95Pct,938,3427.535732,2768.038049,4389.0348
Regional,Region_1,NTL,5Pct,8,216.443622,171.422767,224.788187
Regional,Region_1,NTL,25Pct,31,310.244967,246.343187,386.974207
Regional,Region_1,NTL,50Pct,52,465.860127,315.202988,853.145076
Regional,Region_1,NTL,75Pct,69,853.759269,427.705497,1778
Regional,Region_1,NTL,95Pct,72,1777.553271,652.698848,1778
Regional,Region_2,NTL,5Pct,1,208.50106,208.077292,208.924827
Regional,Region_2,NTL,25Pct,2,223.745582,208.222312,360.094287
Regional,Region_2,NTL,50Pct,8,362.022256,223.17212,559.80117
Regional,Region_2,NTL,75Pct,14,559.496943,223.722636,2126
Regional,Region_2,NTL,95Pct,15,719.572301,559.868101,2126
Regional,Region_3,NTL,5Pct,6,319.921391,13,348.873879
Regional,Region_3,NTL,25Pct,21,546.832905,340.756672,715.217075
Regional,Region_3,NTL,50Pct,30,715.435828,459.32435,903.948436
Regional,Region_3,NTL,75Pct,33,784.631041,715.59949,1379.590916
Regional,Region_3,NTL,95Pct,47,1379.935171,1092.667463,3713
Regional,Region_4,NTL,5Pct,1,93.824563,93.524816,94.12431
Regional,Region_4,NTL,25Pct,29,498.505215,94.222116,543.334991
Regional,Region_4,NTL,50Pct,43,599.368544,498.84568,1196.328252
Regional,Region_4,NTL,75Pct,71,1369.125676,851.42246,2046.11248
Regional,Region_4,NTL,95Pct,84,2047.359845,1401.175731,6663
Regional,Region_5,NTL,5Pct,22,352.895471,272.20599,396.763953
Regional,Region_5,NTL,25Pct,68,518.702753,440.682177,675.261529
Regional,Region_5,NTL,50Pct,114,700.65469,610.080404,800.862259
Regional,Region_5,NTL,75Pct,146,837.742977,762.025295,1318.779251
Regional,Region_5,NTL,95Pct,203,1909.716122,1696.065043,3204.896049
Regional,Region_6,NTL,5Pct,8,319.848526,319.497464,449.055515
Regional,Region_6,NTL,25Pct,33,632.677483,529.025961,765.425186
Regional,Region_6,NTL,50Pct,66,930.738213,705.342928,1388.264467
Regional,Region_6,NTL,75Pct,95,1484.175125,1049.006152,2463.443046
Regional,Region_6,NTL,95Pct,101,2463.962032,1494.360408,3456
Regional,Region_7,NTL,5Pct,4,417.43065,416.807756,427.678224
Regional,Region_7,NTL,25Pct,21,829.360908,495.806717,1119.426804
Regional,Region_7,NTL,50Pct,35,1158.029989,958.552903,1405.551397
Regional,Region_7,NTL,75Pct,44,1623.166187,1362.379872,3843.354288
Regional,Region_7,NTL,95Pct,69,4548.353237,3840.352264,14150
Regional,Region_8,NTL,5Pct,16,142.965329,98.783717,152.371344
Regional,Region_8,NTL,25Pct,50,434.053476,209.675926,848.997486
Regional,Region_8,NTL,50Pct,101,1660.117357,1187.907439,2310.809832
Regional,Region_8,NTL,75Pct,149,3208.439702,2760.41439,3957.549335
Regional,Region_8,NTL,95Pct,183,5889.587093,5229.005562,10682.45366
Regional,Region_9,NTL,5Pct,4,148.65272,61.969276,164.065417
Regional,Region_9,NTL,25Pct,6,164.543068,148.800312,505.058588
Regional,Region_9,NTL,50Pct,23,600.792095,164.146618,14560.31974
Regional,Region_9,NTL,75Pct,30,648.853921,601.16583,17503.83557
Regional,Region_9,NTL,95Pct,51,16595.40731,634.98448,18075
Regional,Region_10,NTL,5Pct,10,110.003243,57.138952,112.217075
Regional,Region_10,NTL,25Pct,18,177.526977,119.887161,229.470776
Regional,Region_10,NTL,50Pct,34,286.481932,228.593929,398.615436
Regional,Region_10,NTL,75Pct,64,553.903918,398.578496,839.85227
Regional,Region_10,NTL,95Pct,89,1312.048015,988.729668,2932.5
State,AL,NTL,5Pct,3,762.80247,13,812.647591
State,AL,NTL,25Pct,6,849.476634,13,851.197005
State,AL,NTL,50Pct,6,850.655726,13,955
State,AL,NTL,75Pct,6,851.834818,13,955
State,AL,NTL,95Pct,6,852.778091,13,955
State,AR,NTL,5Pct,1,461.004389,13,462.425068
State,AR,NTL,25Pct,2,534.105417,13,534.570932
State,AR,NTL,50Pct,2,534.479686,13,1834
State,AR,NTL,75Pct,2,534.853955,13,1834
State,AR,NTL,95Pct,5,975.54683,629.186492,1834
State,AZ,NTL,5Pct,1,283.622177,13,283.690926
State,AZ,NTL,25Pct,1,283.841491,283.67496,332.673325
State,AZ,NTL,50Pct,4,548.036548,283.695854,1544.570653
State,AZ,NTL,75Pct,9,823.63235,368.798826,4625
State,AZ,NTL,95Pct,12,4586.130684,1537.454125,4625
State,CA,NTL,5Pct,3,148.643528,61.678475,164.065215
State,CA,NTL,25Pct,5,164.498147,148.482128,506.323088
State,CA,NTL,50Pct,12,600.627737,164.02478,15871.42234
State,CA,NTL,75Pct,13,615.426223,600.567647,18075
State,CA,NTL,95Pct,23,16719.73361,604.455079,18075
State,CO,NTL,5Pct,2,141.110182,13,147.295283
State,CO,NTL,25Pct,4,152.104356,95.650677,154.154398
State,CO,NTL,50Pct,4,154.399106,146.206835,411.701653
State,CO,NTL,75Pct,10,335.811221,154.381681,3394
State,CO,NTL,95Pct,18,695.308699,362.974624,3394
State,CT,NTL,5Pct,2,244.556128,172.942473,245.634296
State,CT,NTL,25Pct,4,371.603121,245.268977,384.343535
State,CT,NTL,50Pct,5,384.874992,247.884987,394.947737
State,CT,NTL,75Pct,7,393.53444,372.884954,1059
State,CT,NTL,95Pct,9,1057.380225,393.70444,1059
State,DE,NTL,5Pct,0,1120.613885,1120.160946,1121.066823
State,DE,NTL,25Pct,0,1123.069424,1120.804731,1125.334117
State,DE,NTL,50Pct,1,1302.863882,1120.291591,3710.607997
State,DE,NTL,75Pct,2,1629.412655,1123.566871,3713
State,DE,NTL,95Pct,5,2913.724608,1630.961618,3713
State,FL,NTL,5Pct,2,476.691131,415.162319,477.628224
State,FL,NTL,25Pct,3,543.382948,476.680864,543.926111
State,FL,NTL,50Pct,5,756.898607,477.966229,6564.845311
State,FL,NTL,75Pct,11,1400.306522,543.719382,6663
State,FL,NTL,95Pct,15,6617.19976,1400.140646,6663
State,GA,NTL,5Pct,0,93.278283,93.06697,93.489595
State,GA,NTL,25Pct,0,94.391413,93.334852,498.215397
State,GA,NTL,50Pct,3,498.382823,93.28076,2047.449876
State,GA,NTL,75Pct,8,1192.944512,498.065101,2048
State,GA,NTL,95Pct,10,2047.45473,498.779927,2048
State,IA,NTL,5Pct,1,797.911589,728.157252,955.830253
State,IA,NTL,25Pct,3,1045.419194,728.783543,1052.764987
State,IA,NTL,50Pct,4,1052.973453,1044.765633,2425.282334
State,IA,NTL,75Pct,10,2244.71361,1220.036803,4547.990997
State,IA,NTL,95Pct,14,4541.581434,1812.142431,4550
State,ID,NTL,5Pct,0,28.254657,25.173448,55.527299
State,ID,NTL,25Pct,3,119.662997,119.123551,273.324993
State,ID,NTL,50Pct,9,326.400345,119.777068,725.474748
State,ID,NTL,75Pct,19,725.932781,407.485394,1071.78047
State,ID,NTL,95Pct,23,1072.978606,993.378144,1686
State,IL,NTL,5Pct,2,436.808884,13,700.117716
State,IL,NTL,25Pct,4,700.233716,13,700.668913
State,IL,NTL,50Pct,4,700.529911,13,2441
State,IL,NTL,75Pct,4,700.826105,13,2441
State,IL,NTL,95Pct,6,770.17614,700.959592,2441
State,IN,NTL,5Pct,4,429.005898,13,430.397067
State,IN,NTL,25Pct,7,470.174191,429.793491,470.885206
State,IN,NTL,50Pct,13,600.81705,470.133974,1375.073349
State,IN,NTL,75Pct,34,1299.778633,720.68097,2713.224044
State,IN,NTL,95Pct,46,3040.073523,2249.961121,3775
State,KS,NTL,5Pct,4,750.857277,495.866755,958.417907
State,KS,NTL,25Pct,8,1156.3161,958.143201,1405.223618
State,KS,NTL,50Pct,9,1405.505927,1050.292094,3844.076669
State,KS,NTL,75Pct,13,3840.853224,1405.057872,5056
State,KS,NTL,95Pct,14,4982.512573,3842.485171,5056
State,KY,NTL,5Pct,3,385.373665,13,595.169962
State,KY,NTL,25Pct,5,595.996649,13,598.12436
State,KY,NTL,50Pct,5,597.614786,13,1795
State,KY,NTL,75Pct,5,599.232922,13,1795
State,KY,NTL,95Pct,7,1377.981628,599.44916,1795
State,LA,NTL,5Pct,1,579.46396,579.140406,579.787513
State,LA,NTL,25Pct,1,581.37974,579.78021,582.979269
State,LA,NTL,50Pct,5,713.346005,579.919149,1388.702338
State,LA,NTL,75Pct,9,981.964475,688.26391,1456
State,LA,NTL,95Pct,13,1447.318633,1388.063906,1456
State,MA,NTL,5Pct,0,217.411332,215.269196,219.553468
State,MA,NTL,25Pct,3,334.551242,13,1776.459693
State,MA,NTL,50Pct,9,1776.269707,215.594913,1777.957311
State,MA,NTL,75Pct,9,1777.134854,217.610669,1778
State,MA,NTL,95Pct,9,1777.826971,218.983361,1778
State,MD,NTL,5Pct,1,327.230443,324.635537,501.400371
State,MD,NTL,25Pct,4,913.28957,13,1784.171595
State,MD,NTL,50Pct,6,1784.125463,502.904419,2096.763245
State,MD,NTL,75Pct,7,2086.154886,909.002309,2108
State,MD,NTL,95Pct,7,2103.630977,1617.609954,2108
State,ME,NTL,5Pct,4,243.912222,13,257.706587
State,ME,NTL,25Pct,11,315.82186,243.489597,490.417061
State,ME,NTL,50Pct,18,550.965245,280.893303,654.480565
State,ME,NTL,75Pct,21,653.632608,316.809922,854
State,ME,NTL,95Pct,23,853.337796,654.327802,854
State,MI,NTL,5Pct,2,303.751213,13,369.733317
State,MI,NTL,25Pct,17,577.858151,369.170488,647.025552
State,MI,NTL,50Pct,33,715.661379,560.565655,837.690877
State,MI,NTL,75Pct,41,837.626362,646.167944,4450
State,MI,NTL,95Pct,48,2108.611217,964.078139,4450
State,MN,NTL,5Pct,4,448.124431,362.013893,460.262454
State,MN,NTL,25Pct,13,611.735409,471.39094,761.414497
State,MN,NTL,50Pct,21,767.441916,759.588683,943.380924
State,MN,NTL,75Pct,35,1221.067235,940.566524,1370.313521
State,MN,NTL,95Pct,45,2728.568477,1370.925724,3204.502077
State,MO,NTL,5Pct,3,416.448469,337.445839,416.955591
State,MO,NTL,25Pct,7,780.757269,416.745648,782.664276
State,MO,NTL,50Pct,9,829.489046,417.693642,1362.867025
State,MO,NTL,75Pct,14,1360.336673,782.31475,2148
State,MO,NTL,95Pct,14,1365.270662,968.595841,2148
State,MS,NTL,5Pct,5,511.372251,400.18488,511.880192
State,MS,NTL,25Pct,6,519.10226,13,519.721276
State,MS,NTL,50Pct,6,519.626383,511.401013,1239.476486
State,MS,NTL,75Pct,9,602.460818,519.585403,1773
State,MS,NTL,95Pct,11,1239.570345,534.426122,1773
State,MT,NTL,5Pct,1,54.622787,13,209.019916
State,MT,NTL,25Pct,8,210.130072,209.021804,708.435571
State,MT,NTL,50Pct,16,772.163985,210.152031,2561.153633
State,MT,NTL,75Pct,26,2563.915664,772.990416,5880.864569
State,MT,NTL,95Pct,30,5882.845872,3206.506122,5913
State,NC,NTL,5Pct,7,600.424271,13,601.573904
State,NC,NTL,25Pct,7,604.644283,540.653309,1176.370981
State,NC,NTL,50Pct,9,1177.167383,600.606872,1370.998908
State,NC,NTL,75Pct,10,1370.191426,1173.580245,2420
State,NC,NTL,95Pct,11,1817.95636,1370.687036,2420
State,ND,NTL,5Pct,1,1137.283816,13,1738.101051
State,ND,NTL,25Pct,15,2312.011674,1863.335268,2730.234768
State,ND,NTL,50Pct,25,3145.979992,2455.121589,3534.428394
State,ND,NTL,75Pct,37,4233.559589,3337.801497,5563.235418
State,ND,NTL,95Pct,52,6706.393752,5552.387439,10925
State,NE,NTL,5Pct,3,726.254389,427.754942,726.576745
State,NE,NTL,25Pct,3,727.974876,726.748558,1359.019226
State,NE,NTL,50Pct,13,2008.792676,727.64909,2687.517195
State,NE,NTL,75Pct,17,2350.161717,1359.981743,14150
State,NE,NTL,95Pct,23,4034.668127,3665.222409,13799.66423
State,NH,NTL,5Pct,0,224.156287,224.056733,224.25584
State,NH,NTL,25Pct,0,224.781433,224.283663,288.872228
State,NH,NTL,50Pct,5,350.146168,224.496882,432.117301
State,NH,NTL,75Pct,5,350.927601,278.6832,669
State,NH,NTL,95Pct,9,494.994349,432.418991,669
State,NJ,NTL,5Pct,0,200.887811,200.438699,433.205517
State,NJ,NTL,25Pct,3,444.49071,200.673589,785.045244
State,NJ,NTL,50Pct,7,785.692732,444.047901,1555.423601
State,NJ,NTL,75Pct,8,818.857684,444.812574,2126
State,NJ,NTL,95Pct,10,2119.075299,818.980382,2126
State,NM,NTL,5Pct,1,249.446307,232.858196,249.940278
State,NM,NTL,25Pct,4,299.323401,249.537124,299.808449
State,NM,NTL,50Pct,4,299.952977,299.120149,422.38275
State,NM,NTL,75Pct,7,421.849354,299.470285,1340
State,NM,NTL,95Pct,9,616.440003,422.773066,1340
State,NV,NTL,5Pct,0,41.548354,37.012759,46.083948
State,NV,NTL,25Pct,5,609.745823,38.094695,633.02461
State,NV,NTL,50Pct,7,633.547264,609.448065,899.606075
State,NV,NTL,75Pct,11,899.571146,633.664085,2321.859414
State,NV,NTL,95Pct,13,1342.943584,899.703785,2323
State,NY,NTL,5Pct,0,208.507127,208.192439,208.821815
State,NY,NTL,25Pct,1,223.665036,208.105346,249.856983
State,NY,NTL,50Pct,7,359.050298,223.160743,559.684978
State,NY,NTL,75Pct,9,559.417446,223.745964,560
State,NY,NTL,95Pct,9,559.883489,243.34092,560
State,OH,NTL,5Pct,3,870.608307,214.539449,872.73229
State,OH,NTL,25Pct,5,932.513551,871.066306,1726.802452
State,OH,NTL,50Pct,8,1728.375324,902.81642,1832.50549
State,OH,NTL,75Pct,8,1734.973638,933.292316,6550
State,OH,NTL,95Pct,14,3935.619186,1832.550706,6550
State,OK,NTL,5Pct,2,531.10785,528.384642,610.046999
State,OK,NTL,25Pct,13,832.32751,610.257494,890.809581
State,OK,NTL,50Pct,16,894.234198,844.561653,1872.900933
State,OK,NTL,75Pct,26,1883.007637,949.377937,3437.806125
State,OK,NTL,95Pct,29,3430.479029,1884.234176,3456
State,OR,NTL,5Pct,5,82.681288,19.037131,126.674551
State,OR,NTL,25Pct,10,177.404188,126.72293,211.632869
State,OR,NTL,50Pct,16,230.002014,180.469993,286.117282
State,OR,NTL,75Pct,23,287.912774,274.032534,988.077519
State,OR,NTL,95Pct,36,1300.542571,553.190277,2932.5
State,PA,NTL,5Pct,1,333.531075,332.832123,348.184438
State,PA,NTL,25Pct,3,377.739238,333.25887,546.734651
State,PA,NTL,50Pct,6,547.427978,376.815027,784.716801
State,PA,NTL,75Pct,9,784.327267,546.426566,1190
State,PA,NTL,95Pct,14,1141.26613,828.506897,1190
State,RI,NTL,5Pct,1,441.060128,13,442.161696
State,RI,NTL,25Pct,2,445.280795,13,622.824538
State,RI,NTL,50Pct,5,622.192518,441.922962,922.090871
State,RI,NTL,75Pct,6,637.479974,445.734697,926
State,RI,NTL,95Pct,7,924.357321,635.771306,926
State,SC,NTL,5Pct,2,309.756756,13,322.600396
State,SC,NTL,25Pct,6,538.553068,285.458834,539.857218
State,SC,NTL,50Pct,6,539.989575,323.132796,1104.683992
State,SC,NTL,75Pct,8,1103.278167,539.278286,1106
State,SC,NTL,95Pct,8,1105.455633,578.088319,1106
State,SD,NTL,5Pct,6,811.184683,13,1304.516625
State,SD,NTL,25Pct,13,1466.687371,811.879524,1657.7875
State,SD,NTL,50Pct,16,1662.346778,1465.718363,3966.917508
State,SD,NTL,75Pct,32,3948.754399,1665.0934,6396.652586
State,SD,NTL,95Pct,39,6390.046175,4269.689584,36375
State,TN,NTL,5Pct,0,279.110049,279.00926,279.210838
State,TN,NTL,25Pct,0,279.550245,279.046302,1136.141037
State,TN,NTL,50Pct,4,1277.835276,13,1856
State,TN,NTL,75Pct,8,1852.698528,279.326031,1856
State,TN,NTL,95Pct,8,1855.339706,279.58081,1856
State,TX,NTL,5Pct,2,319.598492,319.287013,319.909972
State,TX,NTL,25Pct,9,633.47622,319.94257,926.80249
State,TX,NTL,50Pct,29,1073.74179,649.257893,1485.350786
State,TX,NTL,75Pct,36,1486.278537,951.674798,2813
State,TX,NTL,95Pct,38,2462.369776,1491.277822,2813
State,UT,NTL,5Pct,1,168.691297,168.039868,169.342727
State,UT,NTL,25Pct,7,305.35796,168.793877,399.552679
State,UT,NTL,50Pct,11,399.888182,305.5191,1038.934738
State,UT,NTL,75Pct,17,1039.183153,404.490976,2057.738485
State,UT,NTL,95Pct,20,2057.543783,1039.685272,3930
State,VA,NTL,5Pct,0,227.463286,226.084156,566.15579
State,VA,NTL,25Pct,11,715.110017,13,715.563499
State,VA,NTL,50Pct,11,715.548018,226.538537,2046.561399
State,VA,NTL,75Pct,11,715.986019,227.092185,2069
State,VA,NTL,95Pct,16,1379.53461,1091.698423,2069
State,VT,NTL,5Pct,0,167.842071,166.814415,170.446777
State,VT,NTL,25Pct,1,173.703944,170.271698,259.943212
State,VT,NTL,50Pct,4,260.589263,171.210624,300.511519
State,VT,NTL,75Pct,7,285.484929,259.268553,340
State,VT,NTL,95Pct,9,339.105519,285.586428,340
State,WA,NTL,5Pct,1,110.368595,109.744312,110.992878
State,WA,NTL,25Pct,6,355.434696,109.580305,431.796702
State,WA,NTL,50Pct,10,432.986269,355.882941,740.686485
State,WA,NTL,75Pct,20,740.86958,432.416467,2468
State,WA,NTL,95Pct,27,1312.816308,786.908306,2468
State,WI,NTL,5Pct,4,223.520417,13,306.346139
State,WI,NTL,25Pct,21,396.933572,351.815134,404.32961
State,WI,NTL,50Pct,31,492.495384,402.160774,788.459717
State,WI,NTL,75Pct,41,788.873146,650.081257,1907.600784
State,WI,NTL,95Pct,49,1907.864839,836.821103,2660
State,WV,NTL,5Pct,3,340.217469,160.941162,340.554129
State,WV,NTL,25Pct,3,341.588525,340.233429,342.943622
State,WV,NTL,50Pct,4,385.179061,340.243259,454.990773
State,WV,NTL,75Pct,5,454.194053,342.537807,736
State,WV,NTL,95Pct,6,484.378022,454.658619,736
State,WY,NTL,5Pct,1,97.525828,78.782413,99.2131
State,WY,NTL,25Pct,5,190.706984,97.899156,433.816277
State,WY,NTL,50Pct,10,434.35736,189.979966,847.531368
State,WY,NTL,75Pct,14,847.00771,433.435591,2070
State,WY,NTL,95Pct,16,1187.769091,847.015762,2070
National,All_Sites,PTL,5Pct,55,7.30246188,7.219748629,8.349269422
National,All_Sites,PTL,25Pct,321,20.13778327,16.27756565,22.29021059
National,All_Sites,PTL,50Pct,532,39.27541294,31.32878332,49.34319593
National,All_Sites,PTL,75Pct,720,88.50788288,70.96179599,115.0181393
National,All_Sites,PTL,95Pct,942,429.0967537,284.3457196,553.0563551
Regional,Region_1,PTL,5Pct,10,7.55296539,4.580757679,8.230255249
Regional,Region_1,PTL,25Pct,28,11.24538196,8.230957987,15.79343925
Regional,Region_1,PTL,50Pct,43,15.81821312,11.25752025,35.95053617
Regional,Region_1,PTL,75Pct,67,35.99415549,15.80990041,280.43875
Regional,Region_1,PTL,95Pct,72,280.3323727,17.69211342,280.43875
Regional,Region_2,PTL,5Pct,2,3.788611182,3.739399081,3.837823283
Regional,Region_2,PTL,25Pct,7,8.957460325,3.770303987,9.049722332
Regional,Region_2,PTL,50Pct,12,16.30781177,6.646148474,71.23177174
Regional,Region_2,PTL,75Pct,17,71.15856423,8.802526624,194.185
Regional,Region_2,PTL,95Pct,17,71.28355533,9.046338031,194.185
Regional,Region_3,PTL,5Pct,12,15.05235311,6.406298123,18.29462165
Regional,Region_3,PTL,25Pct,25,31.3782479,17.2510229,32.9474917
Regional,Region_3,PTL,50Pct,26,32.99419072,27.35784114,70.90684433
Regional,Region_3,PTL,75Pct,34,41.88364996,33.0337117,95.8193247
Regional,Region_3,PTL,95Pct,53,104.4289263,95.74349183,436.0006408
Regional,Region_4,PTL,5Pct,3,7.229460615,7.205271433,7.253649798
Regional,Region_4,PTL,25Pct,23,17.12506543,7.237899912,37.803271
Regional,Region_4,PTL,50Pct,49,48.04886015,17.14437794,59.16820052
Regional,Region_4,PTL,75Pct,64,66.9277485,53.40190886,124.7356127
Regional,Region_4,PTL,95Pct,82,214.1269675,124.3314484,694.425
Regional,Region_5,PTL,5Pct,14,9.11241879,7.511050366,9.521237612
Regional,Region_5,PTL,25Pct,76,18.48365736,13.23794358,20.34893795
Regional,Region_5,PTL,50Pct,135,31.18931385,20.21608538,31.35272874
Regional,Region_5,PTL,75Pct,153,39.60473987,31.3185091,84.87442371
Regional,Region_5,PTL,95Pct,214,200.4556281,138.1186495,283.8784968
Regional,Region_6,PTL,5Pct,8,16.2952143,16.28566594,20.00308138
Regional,Region_6,PTL,25Pct,31,33.35352689,26.07949557,46.77304664
Regional,Region_6,PTL,50Pct,57,71.34030607,41.65057561,107.9866382
Regional,Region_6,PTL,75Pct,87,174.6393385,85.24958602,464.0297749
Regional,Region_6,PTL,95Pct,102,464.0531642,204.1676153,1072.803
Regional,Region_7,PTL,5Pct,7,23.68583391,23.6854314,23.68623641
Regional,Region_7,PTL,25Pct,23,53.65684331,38.41707126,67.14103491
Regional,Region_7,PTL,50Pct,37,88.28255035,56.04628255,147.5161889
Regional,Region_7,PTL,75Pct,59,293.5326775,99.44148597,553.8048142
Regional,Region_7,PTL,95Pct,69,556.5567371,429.0257525,1365.019
Regional,Region_8,PTL,5Pct,6,6.058998387,6.045462549,6.072534226
Regional,Region_8,PTL,25Pct,55,23.820374,15.42233742,38.47001283
Regional,Region_8,PTL,50Pct,95,62.93235441,49.03708363,118.2344275
Regional,Region_8,PTL,75Pct,151,298.7058388,125.1629407,371.8852535
Regional,Region_8,PTL,95Pct,179,702.8327083,573.3567582,1641.266303
Regional,Region_9,PTL,5Pct,9,12.69347821,3.180368649,13.78318108
Regional,Region_9,PTL,25Pct,16,20.1179248,12.70468286,20.43573069
Regional,Region_9,PTL,50Pct,21,26.28683546,20.10076338,4916.832739
Regional,Region_9,PTL,75Pct,29,48.11995198,26.28774792,10322.14077
Regional,Region_9,PTL,95Pct,51,8564.139349,35.11758479,11238.8
Regional,Region_10,PTL,5Pct,6,6.396597134,6.382141997,8.2244541
Regional,Region_10,PTL,25Pct,22,12.14276325,9.929786654,14.24385065
Regional,Region_10,PTL,50Pct,37,19.99659756,12.8554753,34.34631894
Regional,Region_10,PTL,75Pct,61,36.39719326,31.15558538,68.46994809
Regional,Region_10,PTL,95Pct,84,89.63442895,80.75364055,310.5232536
State,AL,PTL,5Pct,1,17.1256715,0.2375,17.12749873
State,AL,PTL,25Pct,1,17.13038787,0.2375,17.13841576
State,AL,PTL,50Pct,1,17.13628333,0.2375,100.4125
State,AL,PTL,75Pct,1,17.14217879,0.2375,100.4125
State,AL,PTL,95Pct,3,49.44222912,17.1447383,100.4125
State,AR,PTL,5Pct,1,31.10251097,0.2375,31.10606267
State,AR,PTL,25Pct,2,40.31186553,0.2375,48.91437111
State,AR,PTL,50Pct,3,48.89509542,0.2375,246.03125
State,AR,PTL,75Pct,3,48.97415983,0.2375,246.03125
State,AR,PTL,95Pct,5,141.8582264,49.00722526,246.03125
State,AZ,PTL,5Pct,1,9.403607405,0.2375,12.89025424
State,AZ,PTL,25Pct,4,13.77417893,9.403732992,13.7884951
State,AZ,PTL,50Pct,4,13.7921695,13.76964411,421.5498279
State,AZ,PTL,75Pct,8,161.0579777,13.79079421,518.85125
State,AZ,PTL,95Pct,12,513.7477088,391.2213509,518.85125
State,CA,PTL,5Pct,6,12.70831555,0.2375,20.10082967
State,CA,PTL,25Pct,8,20.11868321,11.84924795,25.59310222
State,CA,PTL,50Pct,10,26.28684936,12.81140683,7391.718175
State,CA,PTL,75Pct,11,28.81024453,26.2863668,11238.8
State,CA,PTL,95Pct,23,8788.884085,26.29737455,11238.8
State,CO,PTL,5Pct,1,6.03465805,5.078824517,6.039521212
State,CO,PTL,25Pct,1,6.05416343,6.035637793,6.072689067
State,CO,PTL,50Pct,3,7.453093063,6.039619547,25.70435977
State,CO,PTL,75Pct,12,24.43473448,7.458544655,402.9785023
State,CO,PTL,95Pct,17,31.4856936,25.69464759,406.815
State,CT,PTL,5Pct,1,4.590824278,4.542762114,4.638886441
State,CT,PTL,25Pct,5,13.91500768,4.565600875,15.04092583
State,CT,PTL,50Pct,6,15.04293847,4.740729142,22.25210978
State,CT,PTL,75Pct,7,17.00627137,13.9544772,71.4509
State,CT,PTL,95Pct,9,71.45060844,17.00699387,71.4509
State,DE,PTL,5Pct,0,20.88724001,20.82102774,72.69695122
State,DE,PTL,25Pct,2,75.00884785,20.81441197,75.14220895
State,DE,PTL,50Pct,2,75.14743234,72.69572245,113.4621333
State,DE,PTL,75Pct,5,112.9390796,75.01913869,144.93625
State,DE,PTL,95Pct,5,113.5802026,75.10355554,144.93625
State,FL,PTL,5Pct,4,14.61769393,0.2375,14.62145878
State,FL,PTL,25Pct,4,14.63124183,14.61909369,42.97176524
State,FL,PTL,50Pct,9,57.32567653,14.62170231,275.9692467
State,FL,PTL,75Pct,10,74.77998093,14.63987052,279.83
State,FL,PTL,95Pct,15,278.061827,74.77448628,279.83
State,GA,PTL,5Pct,0,7.193719051,7.177606492,7.209831609
State,GA,PTL,25Pct,0,7.278595254,7.19803246,22.28723519
State,GA,PTL,50Pct,2,22.28890945,7.193911251,182.1689986
State,GA,PTL,75Pct,7,66.86102899,22.2857317,216.20625
State,GA,PTL,95Pct,9,182.180161,66.99407272,216.20625
State,IA,PTL,5Pct,1,35.17034974,0.2375,53.58660317
State,IA,PTL,25Pct,3,67.13729968,35.16903421,94.09651139
State,IA,PTL,50Pct,9,177.5880198,67.12313727,254.334128
State,IA,PTL,75Pct,11,228.1539414,79.23523869,460.86965
State,IA,PTL,95Pct,13,420.1118899,226.1449232,460.86965
State,ID,PTL,5Pct,0,1.870080138,1.67921637,6.538833274
State,ID,PTL,25Pct,2,9.928082424,9.919462257,14.59877311
State,ID,PTL,50Pct,8,19.65308336,9.928593163,41.48658259
State,ID,PTL,75Pct,16,42.99092886,30.70903891,68.59299516
State,ID,PTL,95Pct,22,71.58492735,68.33542106,547.58
State,IL,PTL,5Pct,2,22.15000734,0.2375,31.20063689
State,IL,PTL,25Pct,5,31.22151685,0.2375,31.29995274
State,IL,PTL,50Pct,5,31.27483189,0.2375,141.0875
State,IL,PTL,75Pct,5,31.32814693,0.2375,141.0875
State,IL,PTL,95Pct,7,44.29124284,31.34454236,141.0875
State,IN,PTL,5Pct,4,11.90512258,10.31822897,17.92948777
State,IN,PTL,25Pct,11,18.48316332,18.47943288,19.28729259
State,IN,PTL,50Pct,22,36.04322652,18.48324571,97.63821301
State,IN,PTL,75Pct,38,97.6890906,40.18939581,302.5486498
State,IN,PTL,95Pct,48,306.3741504,167.6225285,954.315
State,KS,PTL,5Pct,4,38.41848357,27.14500991,49.27538092
State,KS,PTL,25Pct,5,49.39845745,49.26653822,99.20548863
State,KS,PTL,50Pct,10,146.3703898,49.32040718,551.1610913
State,KS,PTL,75Pct,12,429.5078834,66.76462614,557.58875
State,KS,PTL,95Pct,14,555.4040117,429.0129877,557.58875
State,KY,PTL,5Pct,3,10.92258292,0.2375,28.71843479
State,KY,PTL,25Pct,5,28.72298157,0.2375,28.73468398
State,KY,PTL,50Pct,5,28.73188132,0.2375,694.425
State,KY,PTL,75Pct,5,28.74078107,0.2375,694.425
State,KY,PTL,95Pct,8,664.738515,28.74229429,694.425
State,LA,PTL,5Pct,1,41.61056441,41.60581221,41.6153166
State,LA,PTL,25Pct,1,41.63870243,41.61520934,41.66219552
State,LA,PTL,50Pct,4,65.9775075,41.61723542,251.8060138
State,LA,PTL,75Pct,8,102.7722171,41.84166745,251.98
State,LA,PTL,95Pct,13,251.8906997,165.9267264,251.98
State,MA,PTL,5Pct,0,8.230200905,8.227801523,8.232600287
State,MA,PTL,25Pct,3,12.25070913,0.2375,280.068168
State,MA,PTL,50Pct,9,280.026724,8.228166355,280.4285847
State,MA,PTL,75Pct,9,280.232737,8.23042418,280.43875
State,MA,PTL,95Pct,9,280.3975474,8.231961717,280.43875
State,MD,PTL,5Pct,1,7.746394395,7.685029346,20.02314546
State,MD,PTL,25Pct,5,58.04487145,0.2375,132.8510884
State,MD,PTL,50Pct,6,132.84839,20.06035191,433.6058424
State,MD,PTL,75Pct,7,430.6740993,132.7015765,436.71125
State,MD,PTL,95Pct,7,435.5038199,132.8453838,436.71125
State,ME,PTL,5Pct,4,7.579207758,0.2375,9.305671694
State,ME,PTL,25Pct,7,10.03507308,7.607526226,15.79093565
State,ME,PTL,50Pct,14,15.79773198,10.00988909,17.69427018
State,ME,PTL,75Pct,15,16.97543157,15.80172245,35.95595636
State,ME,PTL,95Pct,22,28.67480072,22.31685344,36.00375
State,MI,PTL,5Pct,2,7.326305608,0.2375,8.234948013
State,MI,PTL,25Pct,15,12.50873853,7.519472198,15.09555554
State,MI,PTL,50Pct,34,20.00975945,12.50490077,20.22441024
State,MI,PTL,75Pct,35,20.22332639,13.61045412,240.31375
State,MI,PTL,95Pct,47,92.70275131,45.59119001,240.31375
State,MN,PTL,5Pct,3,11.60228873,5.971923975,13.34232427
State,MN,PTL,25Pct,15,19.5315082,16.0935871,21.8218627
State,MN,PTL,50Pct,21,22.19937164,20.50305333,51.78983715
State,MN,PTL,75Pct,36,89.0746638,35.94022488,138.3785485
State,MN,PTL,95Pct,44,201.2730926,138.4833246,268.2966446
State,MO,PTL,5Pct,3,23.68528029,12.58963695,23.68559724
State,MO,PTL,25Pct,8,46.88967006,23.68546382,56.05815677
State,MO,PTL,50Pct,9,56.07816961,46.86698705,103.4792531
State,MO,PTL,75Pct,14,103.4426703,56.04919727,347.68625
State,MO,PTL,95Pct,14,103.5917179,75.53355679,347.68625
State,MS,PTL,5Pct,5,35.28698489,0.2375,43.27004025
State,MS,PTL,25Pct,6,43.34701288,15.77565614,53.28388291
State,MS,PTL,50Pct,7,53.29172609,35.20969439,92.46760078
State,MS,PTL,75Pct,9,67.96504707,53.28153221,177.33
State,MS,PTL,95Pct,10,92.46474925,53.39007961,177.33
State,MT,PTL,5Pct,2,6.361683146,0.2375,11.88318435
State,MT,PTL,25Pct,12,15.42646464,11.72026287,15.65843799
State,MT,PTL,50Pct,17,23.16231534,15.42570049,336.4490941
State,MT,PTL,75Pct,26,336.4373968,25.20373673,480.536896
State,MT,PTL,95Pct,28,481.4029892,366.8800524,2169.975
State,NC,PTL,5Pct,8,48.02509299,0.2375,48.05157116
State,NC,PTL,25Pct,8,48.10527322,15.25037149,53.45530836
State,NC,PTL,50Pct,9,53.45936294,48.02856242,125.1437746
State,NC,PTL,75Pct,10,124.237376,53.43283306,623.8925
State,NC,PTL,95Pct,12,594.1644878,124.8055703,623.8925
State,ND,PTL,5Pct,1,29.87511507,0.2375,49.57426983
State,ND,PTL,25Pct,11,62.9518806,49.67471517,118.2549987
State,ND,PTL,50Pct,23,122.8012434,104.0971611,298.5559663
State,ND,PTL,75Pct,40,429.8606973,297.2124478,591.6865075
State,ND,PTL,95Pct,51,1059.568772,590.9123546,4143.575
State,NE,PTL,5Pct,2,38.05524423,21.21647805,47.7202966
State,NE,PTL,25Pct,7,83.21850357,47.71845109,88.85698872
State,NE,PTL,50Pct,12,133.2462036,83.11019637,993.6639141
State,NE,PTL,75Pct,25,984.8974837,95.38938642,1365.019
State,NE,PTL,95Pct,25,1033.985556,279.8447482,1365.019
State,NH,PTL,5Pct,1,6.159249908,0.2375,12.51820605
State,NH,PTL,25Pct,4,15.503023,6.091953331,15.76753332
State,NH,PTL,50Pct,6,17.60996098,15.49230284,20.32340636
State,NH,PTL,75Pct,6,17.66427055,15.5148692,39.2375
State,NH,PTL,95Pct,9,25.82932191,21.37972099,39.2375
State,NJ,PTL,5Pct,1,3.492358879,3.318551894,8.954120109
State,NJ,PTL,25Pct,2,9.022798578,8.95231582,47.08622829
State,NJ,PTL,50Pct,7,60.02903035,8.978814801,146.1465184
State,NJ,PTL,75Pct,8,96.14037189,32.6739967,194.185
State,NJ,PTL,95Pct,10,193.2293912,96.18423662,194.185
State,NM,PTL,5Pct,0,12.66995068,12.65051636,13.80090021
State,NM,PTL,25Pct,2,14.78771318,12.67346336,14.78954653
State,NM,PTL,50Pct,3,15.74202157,12.65168851,130.8880766
State,NM,PTL,75Pct,6,24.81902381,14.78814795,168.465
State,NM,PTL,95Pct,10,90.8379424,24.83714296,168.465
State,NV,PTL,5Pct,0,3.120362651,3.086345692,3.154379611
State,NV,PTL,25Pct,3,20.42708566,3.183693016,21.74158001
State,NV,PTL,50Pct,5,36.98461455,20.42603779,228.6825908
State,NV,PTL,75Pct,12,157.1150234,36.95480123,700.47
State,NV,PTL,95Pct,13,234.6354552,92.259962,700.47
State,NY,PTL,5Pct,0,3.790642131,3.754563183,3.826721079
State,NY,PTL,25Pct,4,8.765557948,3.733685985,10.43043131
State,NY,PTL,50Pct,7,10.43480815,6.585730806,71.21397346
State,NY,PTL,75Pct,9,71.14602421,9.045082414,71.28875
State,NY,PTL,95Pct,9,71.26020484,9.04749456,71.28875
State,OH,PTL,5Pct,2,27.66686512,27.43402228,28.13001853
State,OH,PTL,25Pct,6,70.55326219,27.72672233,71.33270273
State,OH,PTL,50Pct,9,100.2456095,70.3795207,170.3744598
State,OH,PTL,75Pct,12,170.340594,70.69050349,237.0775
State,OH,PTL,95Pct,12,170.410976,71.33149543,237.0775
State,OK,PTL,5Pct,2,20.00420317,12.9252869,20.63399851
State,OK,PTL,25Pct,9,41.80085699,20.62270367,49.24218226
State,OK,PTL,50Pct,14,85.67687582,41.82376948,144.9844186
State,OK,PTL,75Pct,19,145.1282016,103.7499656,560.3119417
State,OK,PTL,95Pct,28,563.3442862,207.8780501,1072.803
State,OR,PTL,5Pct,4,6.381319789,6.37025616,6.392383418
State,OR,PTL,25Pct,7,9.996021158,6.392187774,12.53733465
State,OR,PTL,50Pct,15,12.85159622,9.997812616,23.43291002
State,OR,PTL,75Pct,23,30.09735508,14.24734072,89.87808471
State,OR,PTL,95Pct,32,129.7045808,57.11796984,336.43125
State,PA,PTL,5Pct,0,6.410207127,6.408130394,6.73718257
State,PA,PTL,25Pct,6,18.41973149,6.741748678,28.70406511
State,PA,PTL,50Pct,9,39.24762687,18.40625957,41.71878947
State,PA,PTL,75Pct,10,41.69991436,39.25627995,70.95115404
State,PA,PTL,95Pct,15,70.89626208,41.72872336,71.04375
State,RI,PTL,5Pct,1,8.522897295,0.2375,15.30890296
State,RI,PTL,25Pct,3,17.97342706,6.029904826,23.7158559
State,RI,PTL,50Pct,5,29.68104442,15.28743141,37.78205677
State,RI,PTL,75Pct,6,37.76591578,23.7099318,47.71125
State,RI,PTL,95Pct,7,47.69759111,37.77029919,47.71125
State,SC,PTL,5Pct,2,20.67769541,0.2375,20.73735074
State,SC,PTL,25Pct,5,37.80786368,19.5677279,37.86216722
State,SC,PTL,50Pct,6,40.78955515,20.70158453,66.45458489
State,SC,PTL,75Pct,8,66.33092859,37.83823218,66.51125
State,SC,PTL,95Pct,8,66.47518572,47.38848291,66.51125
State,SD,PTL,5Pct,6,32.49037975,0.2375,49.05603492
State,SD,PTL,25Pct,9,49.16091169,49.057745,66.52446225
State,SD,PTL,50Pct,22,218.0027621,49.14355679,339.8360894
State,SD,PTL,75Pct,31,339.562948,254.8481404,1197.876889
State,SD,PTL,95Pct,40,1183.447887,449.9287645,1578.888
State,TN,PTL,5Pct,0,15.15811612,15.15068295,15.16554928
State,TN,PTL,25Pct,0,15.1905806,15.15341477,48.43262109
State,TN,PTL,50Pct,4,59.06672617,0.2375,463.12625
State,TN,PTL,75Pct,4,59.14238491,15.17420994,463.12625
State,TN,PTL,95Pct,5,106.926396,59.18161414,463.12625
State,TX,PTL,5Pct,2,16.29082904,16.28334548,16.2983126
State,TX,PTL,25Pct,15,33.22253789,16.29928545,58.82017109
State,TX,PTL,50Pct,24,71.349806,33.25242688,174.6861875
State,TX,PTL,75Pct,35,174.7327789,61.06791635,464.23875
State,TX,PTL,95Pct,40,464.0607512,175.0697609,464.23875
State,UT,PTL,5Pct,3,9.651941563,5.984780778,11.38039555
State,UT,PTL,25Pct,8,19.58262505,9.651903488,33.47851701
State,UT,PTL,50Pct,13,33.51659606,19.58303458,63.59526524
State,UT,PTL,75Pct,17,63.70362552,33.55602137,218.9538726
State,UT,PTL,95Pct,20,218.9932859,142.2303894,426.8175
State,VA,PTL,5Pct,2,21.97493754,0.2375,31.37318517
State,VA,PTL,25Pct,6,32.89161679,0.2375,32.98620028
State,VA,PTL,50Pct,6,32.98578697,21.94665152,104.5804095
State,VA,PTL,75Pct,10,41.9128874,32.97275434,213.50375
State,VA,PTL,95Pct,18,104.3372473,95.73939462,213.50375
State,VT,PTL,5Pct,1,6.802903462,0.2375,6.825584935
State,VT,PTL,25Pct,1,6.872963281,6.816982921,10.5332244
State,VT,PTL,50Pct,7,12.13821902,6.821056694,17.04514605
State,VT,PTL,75Pct,8,15.41583909,9.838068037,17.06875
State,VT,PTL,95Pct,9,17.05715922,12.13952161,17.06875
State,WA,PTL,5Pct,3,12.14309768,12.14251748,12.14367788
State,WA,PTL,25Pct,9,19.64037129,12.14300714,33.10042076
State,WA,PTL,50Pct,20,34.36955395,19.64500749,36.40139134
State,WA,PTL,75Pct,22,36.40777069,34.3385382,174.555
State,WA,PTL,95Pct,29,81.08100189,36.46719155,174.555
State,WI,PTL,5Pct,2,9.10390686,5.467419319,9.115893832
State,WI,PTL,25Pct,12,14.47076443,9.0999165,21.69665578
State,WI,PTL,50Pct,28,23.97565588,19.44048892,31.39788296
State,WI,PTL,75Pct,39,37.94954077,28.88968927,114.2774641
State,WI,PTL,95Pct,50,203.9799974,113.7560046,286
State,WV,PTL,5Pct,3,15.04849673,3.596398047,15.05003976
State,WV,PTL,25Pct,3,15.05478074,15.04856988,15.0609916
State,WV,PTL,50Pct,4,18.21902522,15.04861494,40.33552746
State,WV,PTL,75Pct,6,40.32058896,15.05912689,47.80625
State,WV,PTL,95Pct,6,40.33581384,18.25828143,47.80625
State,WY,PTL,5Pct,3,7.389978187,0.2375,12.1542814
State,WY,PTL,25Pct,9,23.818776,7.397538584,23.84099745
State,WY,PTL,50Pct,12,41.92670571,15.84963305,64.95242617
State,WY,PTL,75Pct,13,64.91402066,24.77148533,792.568
State,WY,PTL,95Pct,16,102.5738183,64.9243845,792.568